name, starred_at, full_name, owner_name, owner_avatar_url, description, homepage, stargazers_count, forks_count, open_issues_count, license_name, topics, created_at, updated_at, pushed_at, archived
"modern-guide-to-packaging-js-library","2022-09-03T15:52:43Z","frehner/modern-guide-to-packaging-js-library","frehner","https://avatars.githubusercontent.com/u/3054066?v=4","A guide to help ensure your JavaScript library is the most compatible, fast, and efficient library you can make. ","",459,6,5,"GNU General Public License v3.0","javascript, javascript-library, npm","2022-08-24T15:49:26Z","2022-09-03T15:52:43Z","2022-09-02T23:03:24Z",false
"act","2022-09-03T00:37:06Z","nektos/act","nektos","https://avatars.githubusercontent.com/u/3813618?v=4","Run your GitHub Actions locally üöÄ","",27266,714,72,"MIT License","ci, devops, github-actions, golang","2019-01-02T19:53:43Z","2022-09-03T15:29:45Z","2022-09-01T02:55:56Z",false
"mawesome","2022-09-02T14:15:30Z","simonecorsi/mawesome","simonecorsi","https://avatars.githubusercontent.com/u/5617452?v=4","üòé Github action to generate your own awesome list from project you've starred ordered by languages!","",18,1,4,,"actions, awesome, awesome-list, awesome-lists, github, github-actions, starred, starred-repositories, typescript","2021-01-15T09:39:18Z","2022-09-02T14:15:30Z","2022-09-01T05:16:22Z",false
"stargazer","2022-09-02T14:15:16Z","rverst/stargazer","rverst","https://avatars.githubusercontent.com/u/8960898?v=4","Stargazer creates a sorted list of your stared GitHub repositories - your personal awesome-list.","",17,3,1,"MIT License","awesome, awesome-list, github, graphql, stargazer, stars","2021-06-17T17:17:12Z","2022-09-02T14:15:16Z","2022-07-19T06:54:36Z",false
"flat","2022-09-02T14:08:17Z","githubocto/flat","githubocto","https://avatars.githubusercontent.com/u/68357280?v=4","The GitHub Action which powers Flat","https://next.github.com/projects/flat-data/",352,24,3,"MIT License","flat-data","2021-02-18T19:48:05Z","2022-09-02T14:08:18Z","2021-11-03T10:37:14Z",false
"saltcorn","2022-09-01T19:10:53Z","saltcorn/saltcorn","saltcorn","https://avatars.githubusercontent.com/u/65254118?v=4","Free and open source no-code application builder","https://saltcorn.com/",897,151,162,"MIT License","no-code, nocode","2020-03-24T14:31:21Z","2022-09-01T19:10:54Z","2022-09-02T21:04:34Z",false
"studio","2022-09-01T19:08:54Z","prisma/studio","prisma","https://avatars.githubusercontent.com/u/17219288?v=4","üéôÔ∏è The easiest way to explore and manipulate your data in all of your Prisma projects.","https://www.prisma.io/studio",1223,30,201,,"","2019-08-16T16:44:20Z","2022-09-03T10:10:57Z","2022-07-25T11:17:49Z",false
"migrate","2022-09-01T19:08:01Z","prisma/migrate","prisma","https://avatars.githubusercontent.com/u/17219288?v=4","Issues for Prisma Migrate are now tracked at prisma/prisma. This repo was used to track issues for Prisma Migrate Experimental and is now deprecated.","https://www.prisma.io/docs/concepts/components/prisma-migrate",775,28,0,"Apache License 2.0","database-migrations, database-schema","2019-05-10T13:17:43Z","2022-09-01T19:08:02Z","2020-12-18T12:51:26Z",true
"Awesome-Multimodal-Research","2022-09-01T18:54:55Z","Eurus-Holmes/Awesome-Multimodal-Research","Eurus-Holmes","https://avatars.githubusercontent.com/u/34226570?v=4","A curated list of Multimodal Related Research.","",935,130,1,"MIT License","awesome, multimodal, multimodal-learning, multimodal-research","2019-07-31T14:15:49Z","2022-09-03T12:37:07Z","2022-08-18T18:31:12Z",false
"fq","2022-09-01T18:48:19Z","wader/fq","wader","https://avatars.githubusercontent.com/u/185566?v=4","jq for binary formats","",4334,107,19,"Other","binary, cli, decode, go, hexdump, jq, json, pcap, query, repl, xml, yaml","2021-02-07T21:37:53Z","2022-09-03T05:40:10Z","2022-09-02T13:29:46Z",false
"jq","2022-09-01T18:48:04Z","stedolan/jq","stedolan","https://avatars.githubusercontent.com/u/79765?v=4","Command-line JSON processor","http://stedolan.github.io/jq/",22939,1344,756,"Other","","2012-07-18T19:57:25Z","2022-09-03T12:34:48Z","2022-09-03T13:00:57Z",false
"TiddlyDesktop","2022-09-01T18:43:09Z","TiddlyWiki/TiddlyDesktop","TiddlyWiki","https://avatars.githubusercontent.com/u/79505?v=4","A custom desktop browser for TiddlyWiki 5 and TiddlyWiki Classic, based on nw.js","",1340,112,124,,"javascript, nwjs, tiddlywiki","2014-01-08T18:08:31Z","2022-09-01T18:43:10Z","2022-08-26T13:28:07Z",false
"tanya-data-viz","2022-09-01T12:39:30Z","tashapiro/tanya-data-viz","tashapiro","https://avatars.githubusercontent.com/u/44143974?v=4","Personal data visualization side projects.","",156,27,1,,"data-visualization, r","2022-02-15T16:24:38Z","2022-09-03T15:40:42Z","2022-09-01T07:49:26Z",false
"movenotes","2022-08-31T14:35:03Z","renesugar/movenotes","renesugar","https://avatars.githubusercontent.com/u/633379?v=4",,,3,2,2,"MIT License","apple-notes, joplin, migration-tool","2020-05-23T21:28:33Z","2022-08-31T14:35:03Z","2022-07-29T23:16:21Z",false
"readnotes","2022-08-31T14:34:41Z","renesugar/readnotes","renesugar","https://avatars.githubusercontent.com/u/633379?v=4",,,6,4,1,"MIT License","apple-notes, migration-tool","2020-05-23T21:30:22Z","2022-08-31T14:34:42Z","2021-09-21T01:01:51Z",false
"rust_serialization_benchmark","2022-08-31T14:20:07Z","djkoloski/rust_serialization_benchmark","djkoloski","https://avatars.githubusercontent.com/u/7554649?v=4","Benchmarks for rust serialization frameworks","",146,17,7,,"","2021-03-09T17:50:16Z","2022-08-31T14:25:17Z","2022-07-24T02:41:05Z",false
"flat-ui","2022-08-31T01:33:07Z","githubocto/flat-ui","githubocto","https://avatars.githubusercontent.com/u/68357280?v=4",,"",344,14,4,"MIT License","flat-data","2021-03-17T17:49:04Z","2022-08-31T01:33:07Z","2022-06-16T13:50:30Z",false
"vscode-data-table","2022-08-31T01:31:24Z","RandomFractals/vscode-data-table","RandomFractals","https://avatars.githubusercontent.com/u/656833?v=4","Data Table üà∏ , Flat Data Grid ‰∏≠ & Data Summary üà∑Ô∏è Renderers for VSCode Notebook üìì Cell ‚åó Data Outputs","https://marketplace.visualstudio.com/items?itemName=RandomFractalsInc.vscode-data-table",6,0,10,"Apache License 2.0","cell, data, data-summary, flat-data, geo, notebook, output, renderer, table, view, viewer, vscode","2021-05-11T12:57:36Z","2022-09-03T10:25:27Z","2022-09-02T14:17:20Z",false
"gh-action-data-scraping","2022-08-31T01:08:38Z","sw-yx/gh-action-data-scraping","sw-yx","https://avatars.githubusercontent.com/u/6764957?v=4","this shows how to use github actions to do periodic data scraping","https://www.swyx.io/github-scraping/",160,30,3,"MIT License","cron, gh-actions, git-scraping","2020-01-21T20:25:25Z","2022-08-31T01:08:38Z","2022-09-03T15:00:48Z",false
"sveltekit-monorepo","2022-08-31T01:06:43Z","sw-yx/sveltekit-monorepo","sw-yx","https://avatars.githubusercontent.com/u/6764957?v=4","sveltekit + turborepo + histoire in a turborepo",,21,1,1,"MIT License","","2022-08-28T05:09:30Z","2022-09-02T09:30:55Z","2022-08-29T02:18:39Z",false
"nix","2022-08-31T01:05:28Z","NixOS/nix","NixOS","https://avatars.githubusercontent.com/u/487568?v=4","Nix, the purely functional package manager","https://nixos.org/",6685,977,1764,"GNU Lesser General Public License v2.1","c-plus-plus, declarative-language, functional-programming, nix, package-manager","2012-02-08T10:17:59Z","2022-09-03T12:09:09Z","2022-09-03T05:32:54Z",false
"excalibrain","2022-08-31T01:00:18Z","zsviczian/excalibrain","zsviczian","https://avatars.githubusercontent.com/u/14358394?v=4","A graph view to navigate your Obsidian vault",,225,6,38,"MIT License","","2022-04-18T06:58:09Z","2022-09-03T08:32:23Z","2022-08-29T19:51:07Z",false
"flatbush","2022-08-31T00:59:54Z","mourner/flatbush","mourner","https://avatars.githubusercontent.com/u/25395?v=4","A very fast static spatial index for 2D points and rectangles in JavaScript üå±","",1167,54,6,"ISC License","algorithm, computational-geometry, data-structures, javascript, r-tree, spatial-index","2018-02-27T08:57:21Z","2022-09-03T14:02:27Z","2022-08-30T14:31:48Z",false
"ts-prune","2022-08-31T00:21:38Z","nadeesha/ts-prune","nadeesha","https://avatars.githubusercontent.com/u/2942312?v=4","Find unused exports in a typescript project. üõÄ","",1255,47,7,"MIT License","typescript, utility","2019-04-26T22:46:36Z","2022-09-03T05:38:13Z","2022-08-11T21:39:27Z",false
"laion-aesthetic-datasette","2022-08-31T00:20:31Z","simonw/laion-aesthetic-datasette","simonw","https://avatars.githubusercontent.com/u/9599?v=4","Use Datasette to explore LAION improved_aesthetics_6plus training data used by Stable DIffusion","https://laion-aesthetic.datasette.io",24,1,2,,"datasette, laion, stable-diffusion","2022-08-27T03:36:47Z","2022-09-02T13:14:36Z","2022-08-30T21:26:34Z",false
"server","2022-08-30T01:06:17Z","traggo/server","traggo","https://avatars.githubusercontent.com/u/45718649?v=4","self-hosted tag-based time tracking","https://traggo.net",499,27,35,"GNU General Public License v3.0","freesoftware, golang, privacy, self-hosted, selfhosted, time, timetracker, timetracking","2018-12-08T17:58:45Z","2022-08-31T22:41:00Z","2022-05-20T15:05:46Z",false
"mirotalk","2022-08-30T00:33:47Z","miroslavpejic85/mirotalk","miroslavpejic85","https://avatars.githubusercontent.com/u/70838434?v=4","üöÄ WebRTC - P2P - Simple, Secure, Fast Real-Time Video Conferences Up to 4k and 60fps, compatible with all browsers and platforms.","https://p2p.mirotalk.com",1254,255,1,"GNU Affero General Public License v3.0","browser, conference, conferencing, decentralized, html-css-javascript, meeting, nodejs, p2p, peerjs, screensharing, streaming, video-call, video-chat, video-conferencing, webapp, webrtc, webrtc-call, webrtc-demos, webrtc-video, zoom-clone","2021-01-01T21:31:15Z","2022-09-03T06:41:21Z","2022-09-03T09:26:38Z",false
"octo","2022-08-29T23:41:32Z","voracious/octo","voracious","https://avatars.githubusercontent.com/u/922012?v=4","Build your knowledge base","https://octo.app",257,17,19,"MIT License","hacktoberfest, javascript, markdown-editor, note-taking, notes, offline-first, pwa, technical-writing, vim, vue, vuejs, writing","2020-07-22T20:38:52Z","2022-08-29T23:41:32Z","2022-08-30T14:13:04Z",false
"jsoncrack.com","2022-08-29T22:28:01Z","AykutSarac/jsoncrack.com","AykutSarac","https://avatars.githubusercontent.com/u/47941171?v=4","üîÆ Seamlessly visualize your JSON data instantly into graphs; paste, import or fetch!","https://jsoncrack.com",8132,346,17,"MIT License","graph, json, jsoncrack, nextjs, react, tool, visualization","2022-01-30T15:25:18Z","2022-09-03T15:35:16Z","2022-09-03T15:35:41Z",false
"ruffle","2022-08-29T22:25:54Z","ruffle-rs/ruffle","ruffle-rs","https://avatars.githubusercontent.com/u/50037962?v=4","A Flash Player emulator written in Rust","https://ruffle.rs",10568,499,1906,"Other","emulator, flash, hacktoberfest, reimplementation, rust, swf","2019-04-25T17:53:32Z","2022-09-03T13:42:19Z","2022-09-03T12:14:29Z",false
"pepper","2022-08-29T13:25:31Z","vamolessa/pepper","vamolessa","https://avatars.githubusercontent.com/u/1696072?v=4","A simple and opinionated modal code editor for your terminal","https://vamolessa.github.io/pepper/",260,14,9,"GNU General Public License v3.0","editor, lua-script, rust-lang, terminal-based, tui","2020-04-01T13:54:13Z","2022-08-29T13:25:32Z","2022-09-03T02:40:39Z",false
"react-design-editor","2022-08-29T13:10:13Z","layerhub-io/react-design-editor","layerhub-io","https://avatars.githubusercontent.com/u/108345323?v=4","Image, Presentation and Video editor. React design editor using fabric.js. Canva clone","https://editor.layerhub.io",949,67,18,"MIT License","canva-clone, design-editor, fabricjs, graphic-editor, image-editor, presentation-editor, scenify, video-editor","2022-07-21T14:31:36Z","2022-09-03T13:04:57Z","2022-09-02T21:59:35Z",false
"feathers-casl","2022-08-29T13:05:14Z","fratzinger/feathers-casl","fratzinger","https://avatars.githubusercontent.com/u/22286818?v=4","feathers.js + casl: hooks & channels","https://feathers-casl.netlify.app/",26,14,28,"MIT License","acl, authorization, casl, feathersjs, nodejs, permissions, typescript","2021-01-15T18:29:13Z","2022-08-29T13:05:14Z","2022-08-31T03:21:55Z",false
"upscayl","2022-08-29T12:34:40Z","upscayl/upscayl","upscayl","https://avatars.githubusercontent.com/u/112148288?v=4","üÜô Upscayl - Free and Open Source AI Image Upscaler for Linux, MacOS and Windows built with Linux-First philosophy.","",4093,82,13,"GNU Affero General Public License v3.0","ai, electron, esrgan, gigapixel, gigapixel-images, image, image-upscaling, topaz, upscale, upscalerimage, upscayl","2022-07-30T17:19:20Z","2022-09-03T15:10:10Z","2022-09-01T14:58:14Z",false
"y-workers","2022-08-29T12:33:09Z","threepointone/y-workers","threepointone","https://avatars.githubusercontent.com/u/18808?v=4","A Yjs backend on Cloudflare Workers",,23,3,0,,"","2022-08-29T10:38:28Z","2022-08-31T06:15:22Z","2022-08-29T21:32:32Z",false
"grist-core","2022-08-28T15:25:39Z","gristlabs/grist-core","gristlabs","https://avatars.githubusercontent.com/u/19978005?v=4"," Grist is the evolution of spreadsheets. ","https://support.getgrist.com",3237,149,120,"Apache License 2.0","awesome, database, spreadsheet","2020-05-22T06:16:02Z","2022-09-03T01:12:29Z","2022-09-02T10:17:18Z",false
"svelte-headless-table","2022-08-28T13:26:02Z","bryanmylee/svelte-headless-table","bryanmylee","https://avatars.githubusercontent.com/u/42545742?v=4","Unopinionated and extensible data tables for Svelte","https://svelte-headless-table.bryanmylee.com/",95,5,1,"MIT License","datatable, expanding, filtering, grouping, headless, hiding, ordering, plugin, resizing, selecting, sorting, svelte, sveltejs, table","2022-04-12T09:30:33Z","2022-08-28T13:26:02Z","2022-08-13T17:34:54Z",false
"ka-table","2022-08-28T13:00:46Z","komarovalexander/ka-table","komarovalexander","https://avatars.githubusercontent.com/u/17903747?v=4","Lightweight MIT React Table component with Sorting, Filtering, Grouping, Virtualization, Editing and many more","http://ka-table.com",336,25,5,"MIT License","component, datagrid, datatable, grid, javascript, js, react, table, ts, typescript, ui-components, widget","2019-09-25T18:21:49Z","2022-09-01T08:24:30Z","2022-08-21T16:24:31Z",false
"react-datasheet-grid","2022-08-27T20:51:25Z","nick-keller/react-datasheet-grid","nick-keller","https://avatars.githubusercontent.com/u/2682443?v=4","An Airtable-like / Excel-like component to create beautiful spreadsheets.","",141,49,8,"MIT License","excel, grid, react, spreadsheet, table","2020-11-16T18:27:56Z","2022-09-02T04:32:00Z","2022-08-22T07:30:11Z",false
"moon","2022-08-26T11:02:46Z","moonrepo/moon","moonrepo","https://avatars.githubusercontent.com/u/102833400?v=4","A build system for the JavaScript ecosystem, written in Rust.","https://moonrepo.dev",948,19,14,"MIT License","build-system, build-tool, ci-cd, javascript, nodejs, rust, typescript, workspace","2021-10-23T18:18:15Z","2022-09-03T15:44:06Z","2022-09-03T11:33:29Z",false
"stemroller","2022-08-26T10:58:47Z","stemrollerapp/stemroller","stemrollerapp","https://avatars.githubusercontent.com/u/109014363?v=4","Isolate vocals, drums, bass, and other instrumental stems from any song","https://www.stemroller.com",1531,38,7,"Other","audio-processing, bass, deep-learning, demucs, drums, electron, javascript, machine-learning, python, source-separation, vocals","2022-07-10T05:47:38Z","2022-09-03T06:59:57Z","2022-08-22T05:48:02Z",false
"crawlee","2022-08-26T10:58:12Z","apify/crawlee","apify","https://avatars.githubusercontent.com/u/24586296?v=4","Crawlee‚ÄîA web scraping and browser automation library for Node.js that helps you build reliable crawlers. Fast.","https://crawlee.dev",6169,296,66,"Apache License 2.0","apify, automation, crawler, crawling, headless, headless-chrome, javascript-library, npm, puppeteer, rpa, scraper, scraping, web-crawler, web-crawling, web-scraping","2016-08-26T18:35:03Z","2022-09-03T15:12:12Z","2022-09-03T13:26:06Z",false
"conflict-free-sqlite","2022-08-26T10:57:33Z","tantaman/conflict-free-sqlite","tantaman","https://avatars.githubusercontent.com/u/1009003?v=4",,,117,0,1,,"","2022-07-24T01:15:54Z","2022-09-03T14:09:29Z","2022-08-27T11:06:16Z",false
"ChezScheme","2022-08-26T02:14:54Z","cisco/ChezScheme","cisco","https://avatars.githubusercontent.com/u/1376999?v=4","Chez Scheme ",,6418,959,129,"Apache License 2.0","","2016-04-14T19:10:25Z","2022-09-03T01:55:00Z","2022-08-26T01:34:44Z",false
"xit","2022-08-26T02:10:49Z","jotaen/xit","jotaen","https://avatars.githubusercontent.com/u/3618384?v=4","A plain-text file format for todos and check lists","https://xit.jotaen.net",919,9,3,,"check-list, file-format, plain-text, specification, todo","2022-03-25T17:17:48Z","2022-09-03T07:16:49Z","2022-06-17T06:35:50Z",false
"devbox","2022-08-26T01:02:02Z","jetpack-io/devbox","jetpack-io","https://avatars.githubusercontent.com/u/65328393?v=4","Instant, easy, predictable shells and containers.","",3165,37,20,"Apache License 2.0","build-system, build-tool, buildpack, containers, dev-environment, devbox, development-environment, nix, venv, virtual-environment, virtualization","2022-08-18T20:27:16Z","2022-09-03T15:37:13Z","2022-09-03T13:07:40Z",false
"localforage","2022-08-25T15:01:07Z","feathersjs-offline/localforage","feathersjs-offline","https://avatars.githubusercontent.com/u/74452706?v=4","A FeathersJS standard CRUD adapter wrapping localForage to simplify storage in IndexedDB, WebSQL, and LocalStorage.","https://feathersjs-offline.github.io/docs/",5,3,4,"MIT License","feathersjs, mobile, offline-first","2021-06-08T08:11:28Z","2022-08-25T15:01:07Z","2022-08-30T07:30:30Z",false
"TypeState","2022-08-24T21:08:50Z","eonarheim/TypeState","eonarheim","https://avatars.githubusercontent.com/u/612071?v=4","A strongly typed finite state machine for TypeScript","http://eonarheim.github.io/TypeState/example/",259,29,15,"BSD 2-Clause ""Simplified"" License","","2014-05-01T00:31:29Z","2022-08-24T21:08:50Z","2022-05-25T23:13:45Z",false
"octosql","2022-08-23T14:28:54Z","cube2222/octosql","cube2222","https://avatars.githubusercontent.com/u/7013055?v=4","OctoSQL is a query tool that allows you to join, analyse and transform data from multiple databases and file formats using SQL.","",3979,172,21,"Mozilla Public License 2.0","cli, csv, data-analysis, go, golang, json, mysql, nosql, postgresql, query, query-engine, redis, sql","2019-03-03T13:59:25Z","2022-09-03T07:37:55Z","2022-08-28T14:51:21Z",false
"sqlite3vfshttp","2022-08-23T14:16:06Z","psanford/sqlite3vfshttp","psanford","https://avatars.githubusercontent.com/u/33375?v=4","Go sqlite3 http vfs: query sqlite databases over http with range headers",,60,4,0,"MIT License","","2021-08-01T02:05:30Z","2022-09-02T15:12:09Z","2022-08-27T15:39:43Z",false
"mvsqlite","2022-08-23T14:10:36Z","losfair/mvsqlite","losfair","https://avatars.githubusercontent.com/u/6104981?v=4","Distributed, MVCC SQLite that runs on FoundationDB.","https://github.com/losfair/mvsqlite/wiki",722,18,11,"Apache License 2.0","database, rust","2022-07-25T16:45:08Z","2022-09-03T13:12:20Z","2022-09-03T08:26:58Z",false
"graphique","2022-08-23T13:54:32Z","coady/graphique","coady","https://avatars.githubusercontent.com/u/7234196?v=4","GraphQL service for arrow tables and parquet data sets.","https://coady.github.io/graphique",35,3,0,"Other","arrow, graphql, parquet","2020-02-29T02:42:32Z","2022-08-31T08:34:32Z","2022-09-03T15:43:56Z",false
"fs","2022-08-23T06:00:10Z","wholebuzz/fs","wholebuzz","https://avatars.githubusercontent.com/u/80602735?v=4","Javascript file system interface with with atomic primitives and implementations for GCP, AWS, and Local filesystem","",10,2,0,,"","2021-05-27T21:50:13Z","2022-08-23T06:00:10Z","2022-05-20T20:28:37Z",false
"substrait","2022-08-23T05:51:41Z","substrait-io/substrait","substrait-io","https://avatars.githubusercontent.com/u/90011382?v=4","A cross platform way to express data transformation, relational algebra, standardized record expression and plans.","",422,74,43,"Apache License 2.0","","2021-08-31T21:40:13Z","2022-09-03T13:40:23Z","2022-09-02T20:09:48Z",false
"rill-developer","2022-08-23T02:24:05Z","rilldata/rill-developer","rilldata","https://avatars.githubusercontent.com/u/101689787?v=4","a tool that makes it effortless to transform and explore your datasets with SQL, powered by DuckDB","",405,21,104,"Apache License 2.0","csv, dataviz, duckdb, nodejs, parquet, parquet-tools, svelte, sveltejs, sveltekit","2021-12-09T03:10:31Z","2022-09-02T00:42:57Z","2022-09-02T17:30:09Z",false
"tad","2022-08-23T02:18:22Z","antonycourtney/tad","antonycourtney","https://avatars.githubusercontent.com/u/4683413?v=4","A desktop application for viewing and analyzing tabular data","http://tadviewer.com",2368,112,94,,"csv, data-analysis, data-science, database, desktop-application, duckdb, parquet-viewer, pivot-tables, pivots, tabular-data","2016-10-24T18:59:04Z","2022-08-30T18:48:04Z","2022-08-24T14:47:03Z",false
"sqlite-lines","2022-08-22T23:20:36Z","asg017/sqlite-lines","asg017","https://avatars.githubusercontent.com/u/15178711?v=4","A SQLite extension for reading large files line-by-line (NDJSON, logs, txt, etc.)","",323,9,11,"MIT License","sqlite, sqlite-extension","2022-04-25T19:11:46Z","2022-08-22T23:20:36Z","2022-09-02T18:42:42Z",false
"faros-community-edition","2022-08-22T17:53:21Z","faros-ai/faros-community-edition","faros-ai","https://avatars.githubusercontent.com/u/55113163?v=4","BI, API and Automation layer for your Engineering Operations data","https://community.faros.ai",225,25,6,"Apache License 2.0","airbyte, analytics, business-analytics, business-intelligence, cicd, dbt, developer-productivity, devops, dora, engineering-operations, engops, engprod, faros, hasura, incident-management, metrics, sdlc, space, tasks-management, version-control","2022-02-24T01:47:12Z","2022-08-27T16:45:56Z","2022-09-02T18:15:24Z",false
"airbyte-connectors","2022-08-22T17:52:10Z","faros-ai/airbyte-connectors","faros-ai","https://avatars.githubusercontent.com/u/55113163?v=4","Airbyte connectors (sources & destinations) + Airbyte CDK for JavaScript/TypeScript","",40,28,41,"Apache License 2.0","airbyte, airbyte-cdk, airbyte-connectors, airbyte-destinations, airbyte-sources, cdk, cicd, connectors, elt, etl, faros, javascript, npm, sdlc, typescript","2021-08-04T17:06:19Z","2022-08-28T16:37:02Z","2022-09-02T22:26:08Z",false
"cli","2022-08-22T04:39:38Z","cli/cli","cli","https://avatars.githubusercontent.com/u/59704711?v=4","GitHub‚Äôs official command line tool","https://cli.github.com",29698,4085,397,"MIT License","cli, git, github-api-v4, golang","2019-10-03T15:24:53Z","2022-09-03T15:36:30Z","2022-09-03T00:24:11Z",false
"dsq","2022-08-21T16:45:16Z","multiprocessio/dsq","multiprocessio","https://avatars.githubusercontent.com/u/85761715?v=4","Commandline tool for running SQL queries against JSON, CSV, Excel, Parquet, and more.","",2730,100,14,"Other","cli, csv, excel, golang, json, openoffice-calc, parquet, sql, tsv","2022-01-10T23:26:55Z","2022-09-02T14:35:28Z","2022-08-31T21:18:23Z",false
"codejar","2022-08-21T16:28:32Z","antonmedv/codejar","antonmedv","https://avatars.githubusercontent.com/u/141232?v=4","An embeddable code editor for the browser üçØ","https://medv.io/codejar/",1242,87,15,"MIT License","code-editor","2020-03-31T13:01:35Z","2022-09-03T01:19:11Z","2022-08-30T14:51:36Z",false
"dataloader","2022-08-21T16:21:16Z","feathersjs-ecosystem/dataloader","feathersjs-ecosystem","https://avatars.githubusercontent.com/u/32400533?v=4",,,1,1,0,"MIT License","","2022-08-20T20:50:51Z","2022-08-21T19:59:21Z","2022-09-01T18:29:24Z",false
"vosk-api","2022-08-21T16:17:45Z","alphacep/vosk-api","alphacep","https://avatars.githubusercontent.com/u/26358566?v=4","Offline speech recognition API for Android, iOS, Raspberry Pi and servers with Python, Java, C# and Node","",4511,738,264,"Apache License 2.0","android, asr, deep-learning, deep-neural-networks, deepspeech, google-speech-to-text, ios, kaldi, offline, privacy, python, raspberry-pi, speaker-identification, speaker-verification, speech-recognition, speech-to-text, speech-to-text-android, stt, voice-recognition, vosk","2019-09-03T17:48:42Z","2022-09-03T03:28:25Z","2022-09-01T10:48:42Z",false
"twitter-thread-reader","2022-08-20T20:57:42Z","satansdeer/twitter-thread-reader","satansdeer","https://avatars.githubusercontent.com/u/450319?v=4",,,4,0,0,,"","2021-05-06T17:31:28Z","2022-08-31T15:04:59Z","2021-05-14T16:53:35Z",false
"threadbare","2022-08-20T20:57:11Z","mssen/threadbare","mssen","https://avatars.githubusercontent.com/u/18428831?v=4","A thread scraper for Twitter.",,1,0,12,"MIT License","","2021-02-09T20:54:42Z","2022-08-20T20:57:11Z","2022-08-29T07:18:52Z",false
"tweetic","2022-08-20T16:14:52Z","zernonia/tweetic","zernonia","https://avatars.githubusercontent.com/u/59365435?v=4","Convert Tweets to Static HTML","https://tweetic.io/",181,10,7,"MIT License","nuxt3, static-tweet, tweets, twitter, vue3","2022-05-11T02:42:26Z","2022-08-27T12:21:26Z","2022-06-29T15:28:34Z",false
"static-tweet","2022-08-20T16:08:53Z","lfades/static-tweet","lfades","https://avatars.githubusercontent.com/u/4278345?v=4",,"https://static-tweet.vercel.app",597,101,8,"MIT License","","2020-03-15T17:09:15Z","2022-09-02T14:13:03Z","2022-07-25T03:19:07Z",false
"spark-joy","2022-08-20T14:40:33Z","sw-yx/spark-joy","sw-yx","https://avatars.githubusercontent.com/u/6764957?v=4","‚ú®üòÇ 2000+ ways to add design flair, user delight, and whimsy to your product.","https://www.learninpublic.org/",7365,269,5,"MIT License","awesome-list, css, design","2019-05-02T04:21:03Z","2022-09-02T21:40:28Z","2022-09-01T05:08:11Z",false
"spartan-schema","2022-08-20T14:37:55Z","ar-nelson/spartan-schema","ar-nelson","https://avatars.githubusercontent.com/u/2817092?v=4","Ultra-minimal JSON schemas with Typescript inference","",414,1,0,"Other","json, json-schema, schema","2021-03-19T03:37:56Z","2022-09-03T14:41:43Z","2022-07-29T13:38:04Z",false
"pdfme","2022-08-20T14:29:29Z","pdfme/pdfme","pdfme","https://avatars.githubusercontent.com/u/98731925?v=4","A TypeScript based PDF generator library, made with React.","https://pdfme.com",579,37,19,"MIT License","pdf, pdf-designer, pdf-generation, pdf-viewer, react, typescript","2021-08-22T08:45:56Z","2022-09-02T14:05:21Z","2022-06-24T11:14:57Z",false
"system-design","2022-08-18T12:00:58Z","karanpratapsingh/system-design","karanpratapsingh","https://avatars.githubusercontent.com/u/29705703?v=4","Learn how to design systems at scale and prepare for system design interviews","https://www.karanpratapsingh.com/courses/system-design",9617,616,2,"Other","architecture, distributed-systems, engineering, interview, interview-preparation, scalability, system-design, system-design-interview, tech","2022-08-15T18:59:54Z","2022-09-03T15:39:18Z","2022-09-03T09:30:27Z",false
"astro-compress","2022-08-17T13:19:29Z","NikolaRHristov/astro-compress","NikolaRHristov","https://avatars.githubusercontent.com/u/90222871?v=4","üóúÔ∏è AstroJS compression utilities. Compress CSS, HTML, JavaScript and more.","",55,3,0,"Other","astro, compress, compression, css, csso, html-minifier-terser, image, javascript, minify, sharp, terser","2022-05-08T04:16:33Z","2022-09-02T10:16:51Z","2022-09-03T00:13:09Z",false
"trystero","2022-08-17T13:19:16Z","dmotz/trystero","dmotz","https://avatars.githubusercontent.com/u/302080?v=4","üìØ Serverless WebRTC matchmaking for painless P2P ‚Äî Make any site multiplayer in a few lines ‚Äî Use BitTorrent, IPFS, or Firebase","https://oxism.com/trystero",159,22,8,"MIT License","bittorrent, chat, dapp, decentralized, firebase, ipfs, javascript, matchmaking, p2p, pairing, peer-to-peer, realtime, serverless, signaling, signalling, web3, webrtc, webtorrent","2020-10-26T00:11:07Z","2022-08-28T16:18:48Z","2022-08-13T17:00:40Z",false
"merch","2022-08-17T13:17:34Z","denoland/merch","denoland","https://avatars.githubusercontent.com/u/42048915?v=4","The Deno shop!","https://merch.deno.com/",131,18,3,,"","2022-05-23T13:49:47Z","2022-09-03T07:26:29Z","2022-08-29T20:02:29Z",false
"react-mosaic","2022-08-17T13:17:09Z","nomcopter/react-mosaic","nomcopter","https://avatars.githubusercontent.com/u/1079273?v=4","A React tiling window manager","https://nomcopter.github.io/react-mosaic/",3200,193,21,"Other","react, tiling-window-manager, typescript, window-manager","2017-03-23T15:51:26Z","2022-09-02T20:08:54Z","2022-08-03T16:26:41Z",false
"trpc-openapi","2022-08-16T20:40:16Z","jlalmes/trpc-openapi","jlalmes","https://avatars.githubusercontent.com/u/69924001?v=4","OpenAPI support for tRPC üß©","https://www.npmjs.com/package/trpc-openapi",367,10,13,"MIT License","nodejs, openapi, rest, swagger, trpc, typescript","2022-05-04T12:33:51Z","2022-09-03T04:24:29Z","2022-08-31T15:59:48Z",false
"Mockoops","2022-08-16T20:40:09Z","Just-Moh-it/Mockoops","Just-Moh-it","https://avatars.githubusercontent.com/u/48997634?v=4","Create üíé beautiful animations from boring screen recordins withing ‚è≥ seconds","https://mockoops.mohitya.dev",137,11,1,"MIT License","animation, browser, canvas, lambda, mockup, mockup-generator, object-storage, pwa, react, reactjs, remotion, render, screen-recording","2022-06-24T02:32:28Z","2022-09-03T06:56:57Z","2022-08-17T11:00:21Z",false
"microverse","2022-08-16T20:39:35Z","croquet/microverse","croquet","https://avatars.githubusercontent.com/u/50035830?v=4","Croquet Microverse (Beta)","",65,22,17,"Other","","2022-06-16T19:50:03Z","2022-09-02T00:26:51Z","2022-09-02T17:40:55Z",false
"hanko","2022-08-16T19:59:34Z","teamhanko/hanko","teamhanko","https://avatars.githubusercontent.com/u/20222142?v=4","A passkey-first approach to authentication that takes you on the journey beyond passwords. For better security, conversion rates, and happier users.","https://hanko.io",822,24,17,"Other","authentication, biometrics, face-id, fido2, jwt-auth, login, passcodes, passkey, passkeys, passwordless, touch-id, webauthn, windows-hello","2022-03-14T17:03:46Z","2022-09-03T11:04:20Z","2022-09-02T10:13:21Z",false
"wonka","2022-08-16T19:52:07Z","0no-co/wonka","0no-co","https://avatars.githubusercontent.com/u/111148392?v=4","üé© A tiny but capable push & pull stream library for TypeScript and Flow","",557,20,1,"MIT License","callbag, events, iterable, javascript, observable, stream, typescript","2018-02-26T06:34:12Z","2022-08-31T20:02:16Z","2022-08-31T23:34:15Z",false
"astrodon","2022-08-16T19:51:45Z","astrodon/astrodon","astrodon","https://avatars.githubusercontent.com/u/97196209?v=4","Make Desktop apps with Deno ü¶ï","https://astrodon.land",693,18,10,"MIT License","astrodon, deno, javascript, rust, tauri, typescript","2022-01-02T18:28:25Z","2022-09-03T12:23:42Z","2022-06-25T08:30:08Z",false
"daisy-theme-nord","2022-08-16T19:48:56Z","HikaruEgashira/daisy-theme-nord","HikaruEgashira","https://avatars.githubusercontent.com/u/39324739?v=4","Nord Theme for DaisyUI. WindiCSS Tailwind available!","https://play.tailwindcss.com/15dpr3y0GX",5,0,1,,"daisyui, nord, nord-theme, taliwindcss, windicss","2021-08-09T02:43:38Z","2022-08-16T19:48:56Z","2021-10-07T04:36:59Z",false
"flimsy","2022-08-16T19:48:46Z","fabiospampinato/flimsy","fabiospampinato","https://avatars.githubusercontent.com/u/1812093?v=4","A single-file <1kb min+gzip simplified implementation of the reactive core of Solid, optimized for clean code.","",91,4,4,"MIT License","reactivity, simple, solid, tiny","2022-08-13T14:18:30Z","2022-08-22T04:10:25Z","2022-08-21T21:39:46Z",false
"remult","2022-08-16T19:44:07Z","remult/remult","remult","https://avatars.githubusercontent.com/u/87660479?v=4","A CRUD framework for full stack TypeScript","https://remult.dev",986,42,22,"MIT License","api, crud, express-middleware, fullstack, fullstack-typescript, jamstack, orm, postgresql, rest, typescript, validation","2017-10-30T15:55:17Z","2022-09-03T08:22:31Z","2022-09-02T15:25:11Z",false
"histoire","2022-08-16T19:40:46Z","histoire-dev/histoire","histoire-dev","https://avatars.githubusercontent.com/u/101679800?v=4","‚ö° Fast and beautiful interactive component playgrounds, powered by Vite ","https://histoire.dev",1552,48,35,"MIT License","javascript, story, sveltejs, vitejs, vuejs","2022-01-21T23:03:57Z","2022-09-03T10:34:24Z","2022-09-01T03:27:28Z",false
"zellij","2022-08-16T19:40:04Z","zellij-org/zellij","zellij-org","https://avatars.githubusercontent.com/u/73778475?v=4","A terminal workspace with batteries included","https://zellij.dev",8061,226,283,"MIT License","hacktoberfest, multiplexer, terminal, workspace","2020-09-01T14:04:28Z","2022-09-03T14:28:16Z","2022-09-03T15:20:00Z",false
"headscale","2022-08-16T19:28:25Z","juanfont/headscale","juanfont","https://avatars.githubusercontent.com/u/181059?v=4","An open source, self-hosted implementation of the Tailscale control server","",7577,404,59,"BSD 3-Clause ""New"" or ""Revised"" License","tailscale, tailscale-control-server, tailscale-server, wireguard","2020-06-21T09:21:05Z","2022-09-03T14:11:51Z","2022-09-03T14:37:56Z",false
"create-t3-app","2022-08-13T22:21:06Z","t3-oss/create-t3-app","t3-oss","https://avatars.githubusercontent.com/u/108266839?v=4","Quickest way to start a new web app with full stack typesafety","https://create.t3.gg",5859,240,6,"MIT License","cli, next-auth, nextjs, npx, prisma, t3, t3-stack, tailwindcss, trpc, typescript","2022-05-24T13:31:01Z","2022-09-03T15:26:08Z","2022-09-03T14:54:10Z",false
"on-demand-isr","2022-08-13T11:33:47Z","leerob/on-demand-isr","leerob","https://avatars.githubusercontent.com/u/9113740?v=4",,"on-demand-isr.vercel.app",440,28,174,"MIT License","","2022-02-15T23:27:10Z","2022-09-03T06:08:26Z","2022-07-31T17:17:03Z",false
"juicefs","2022-08-13T11:26:59Z","juicedata/juicefs","juicedata","https://avatars.githubusercontent.com/u/27241737?v=4","JuiceFS is a distributed POSIX file system built on top of Redis and S3.","",6289,542,98,"Apache License 2.0","cloud-native, distributed-systems, filesystem, golang, hdfs, object-storage, posix, redis, s3, storage","2021-01-08T09:39:46Z","2022-09-03T14:57:04Z","2022-09-02T15:29:30Z",false
"tsx","2022-08-13T10:55:30Z","esbuild-kit/tsx","esbuild-kit","https://avatars.githubusercontent.com/u/98902370?v=4","‚ö°Ô∏è TypeScript Execute (tsx): Node.js enhanced with esbuild to run TypeScript & ESM","",2146,20,17,"MIT License","cli, esbuild, esm, loader, node, runtime, typescript, watch","2022-03-15T20:15:42Z","2022-09-03T14:36:02Z","2022-08-29T14:00:06Z",false
"fauxpilot","2022-08-11T14:46:39Z","moyix/fauxpilot","moyix","https://avatars.githubusercontent.com/u/34380?v=4","FauxPilot - an open-source GitHub Copilot server",,6035,230,15,"MIT License","","2022-08-03T02:14:22Z","2022-09-03T15:51:06Z","2022-09-02T22:39:37Z",false
"surrealdb","2022-08-10T21:29:40Z","surrealdb/surrealdb","surrealdb","https://avatars.githubusercontent.com/u/10982346?v=4","A scalable, distributed, collaborative, document-graph database, for the realtime web","https://surrealdb.com",3774,85,18,"Other","backend-as-a-service, cloud-database, collaborative, database, database-as-a-service, developer-tools, devtools, distributed, distributed-database, document-database, graph-database, hacktoberfest, iot-database, nosql, realtime-database, serverless, sql, surreal, surrealdb, web","2021-12-09T15:03:29Z","2022-09-03T14:55:17Z","2022-09-02T15:19:01Z",false
"s3-ocr","2022-08-10T21:24:44Z","simonw/s3-ocr","simonw","https://avatars.githubusercontent.com/u/9599?v=4","Tools for running OCR against files stored in S3","",83,3,8,"Apache License 2.0","ocr, s3, textract","2022-06-28T21:33:09Z","2022-09-03T07:37:58Z","2022-08-10T04:43:17Z",false
"solid-start","2022-08-10T21:07:42Z","solidjs/solid-start","solidjs","https://avatars.githubusercontent.com/u/79226042?v=4","SolidStart, the Solid app framework","",1129,87,34,"MIT License","file-system-routing, meta-framework, sdk, solid-js, spa, ssr","2021-03-30T03:42:11Z","2022-09-03T14:13:15Z","2022-09-02T21:05:04Z",false
"AFFiNE","2022-08-07T22:05:54Z","toeverything/AFFiNE","toeverything","https://avatars.githubusercontent.com/u/78728988?v=4","There can be more than Notion and Miro. AFFiNE is a next-gen knowledge base that brings planning, sorting and creating all together. Privacy first, open-source, customizable and ready to use. ","https://affine.pro",9062,351,44,"MIT License","affine, block-editor, collaborative, editor, knowledge-base, miro, miro-alternative, notion, notion-alternative, privacy-first, rust, semantic, yjs","2022-07-31T18:45:21Z","2022-09-03T15:39:54Z","2022-09-03T09:27:47Z",false
"connect-web","2022-08-06T23:07:42Z","bufbuild/connect-web","bufbuild","https://avatars.githubusercontent.com/u/54191850?v=4","Simple, reliable, interoperable. A better gRPC-Web.","https://connect.build",468,12,5,"Apache License 2.0","connect, grpc, grpc-web, protobuf, rpc, typescript","2022-02-16T16:05:30Z","2022-09-03T11:33:58Z","2022-09-02T20:58:23Z",false
"canonicalize","2022-08-06T21:52:03Z","erdtman/canonicalize","erdtman","https://avatars.githubusercontent.com/u/4630676?v=4","JSON canonicalize function",,31,4,2,"Apache License 2.0","","2018-05-03T20:07:10Z","2022-08-06T21:52:03Z","2021-12-29T19:57:15Z",false
"vanilla-fetch","2022-08-06T21:51:13Z","tantaman/vanilla-fetch","tantaman","https://avatars.githubusercontent.com/u/1009003?v=4","relay with the relay. apollo without the apollo. suspense without the... suspense. fetch then render via async generators.",,4,0,0,,"","2022-08-06T16:01:35Z","2022-08-17T07:28:09Z","2022-08-08T13:10:11Z",false
"estrella","2022-08-06T21:45:38Z","rsms/estrella","rsms","https://avatars.githubusercontent.com/u/47046?v=4","Lightweight and versatile build tool based on the esbuild compiler","",1056,31,16,"ISC License","compiler, esbuild, javascript, typescript","2020-05-21T23:20:55Z","2022-08-30T05:59:13Z","2022-08-24T14:54:38Z",false
"markdown-wasm","2022-08-06T21:44:25Z","rsms/markdown-wasm","rsms","https://avatars.githubusercontent.com/u/47046?v=4","Very fast Markdown parser and HTML generator implemented in WebAssembly, based on md4c","https://rsms.me/markdown-wasm/",1152,39,8,"MIT License","markdown, parser, wasm, webassembly","2019-12-09T04:19:41Z","2022-08-29T18:36:34Z","2021-08-08T14:47:38Z",false
"ouronote","2022-08-03T22:44:16Z","nsreed/ouronote","nsreed","https://avatars.githubusercontent.com/u/1088678?v=4","Real-time collaborative whiteboard web app built with Angular, GUN, and paper.js.","",13,1,40,,"collaborative-editing, graphics-editor, gundb, p2p, paperjs, whiteboarding","2021-04-04T00:13:27Z","2022-08-10T20:55:27Z","2022-08-31T14:13:07Z",false
"engineeringladders","2022-08-01T13:19:02Z","jorgef/engineeringladders","jorgef","https://avatars.githubusercontent.com/u/941277?v=4","A framework for Engineering Managers","http://www.engineeringladders.com",6254,364,1,"Apache License 2.0","","2019-10-18T23:52:22Z","2022-09-03T15:12:57Z","2022-08-23T10:50:26Z",false
"trustfall","2022-08-01T12:29:54Z","obi1kenobi/trustfall","obi1kenobi","https://avatars.githubusercontent.com/u/2348618?v=4","A new, datasource-agnostic way to connect and query datasets",,301,11,3,"Apache License 2.0","","2022-01-11T03:54:11Z","2022-09-03T15:24:15Z","2022-09-03T03:02:09Z",false
"wc-jsx-runtime","2022-08-01T12:26:24Z","jed/wc-jsx-runtime","jed","https://avatars.githubusercontent.com/u/4433?v=4","A JSX transform for Web Components",,16,0,0,"MIT License","","2022-07-30T23:17:08Z","2022-08-05T15:24:39Z","2022-08-05T02:54:19Z",false
"monorepo","2022-07-30T14:27:04Z","bigstair-monorepo/monorepo","bigstair-monorepo","https://avatars.githubusercontent.com/u/106250695?v=4",,"https://www.robinwieruch.de/javascript-monorepos/",100,11,0,,"","2022-05-25T12:48:28Z","2022-08-30T09:54:20Z","2022-08-12T09:06:08Z",false
"force-directed-graph","2022-07-30T14:18:30Z","jonobr1/force-directed-graph","jonobr1","https://avatars.githubusercontent.com/u/220033?v=4","GPU supercharged attraction-graph visualizations built on top of Three.js","https://jonobr1.com/force-directed-graph/",52,3,8,"MIT License","2d, 3d, data-visualization, force-directed-graphs, gpgpu, physics, react, threejs","2022-06-24T23:51:05Z","2022-08-16T14:37:40Z","2022-08-08T22:00:34Z",false
"lotion","2022-07-30T14:17:16Z","Dashibase/lotion","Dashibase","https://avatars.githubusercontent.com/u/104201305?v=4","An open-source Notion UI built with Vue 3 ","",2321,88,17,"GNU General Public License v3.0","editorjs, markdown, notion, vue","2022-07-25T04:47:59Z","2022-09-03T13:31:30Z","2022-08-31T17:15:03Z",false
"coder","2022-07-30T14:17:05Z","coder/coder","coder","https://avatars.githubusercontent.com/u/95932066?v=4","Remote development environments on your infrastructure provisioned with Terraform","https://coder.com",2165,110,279,"GNU Affero General Public License v3.0","dev-tools, development-environment, ide, jetbrains, remote-development, terraform, vscode","2021-12-22T06:08:52Z","2022-09-03T15:11:01Z","2022-09-03T06:18:05Z",false
"viewport-preview","2022-07-30T04:15:44Z","simonw/viewport-preview","simonw","https://avatars.githubusercontent.com/u/9599?v=4","Preview a web page in a number of different viewport widths","https://viewport-preview.simonwillison.net/",15,0,1,,"","2022-07-25T23:18:00Z","2022-08-18T21:07:40Z","2022-07-26T02:49:25Z",false
"react-inspector","2022-07-30T04:13:56Z","storybookjs/react-inspector","storybookjs","https://avatars.githubusercontent.com/u/22632046?v=4","üîç Power of Browser DevTools inspectors right inside your React app","https://xyc.github.io/react-inspector/",640,95,27,"MIT License","","2016-03-22T06:38:46Z","2022-08-31T04:07:17Z","2022-07-20T03:37:32Z",false
"htmx","2022-07-30T01:09:18Z","bigskysoftware/htmx","bigskysoftware","https://avatars.githubusercontent.com/u/48798027?v=4","</> htmx - high power tools for HTML","https://htmx.org",7753,307,143,"BSD 2-Clause ""Simplified"" License","hateoas, html, htmx, hyperscript, javascript, rest","2020-04-13T16:17:51Z","2022-09-03T06:24:05Z","2022-09-02T11:25:03Z",false
"observables","2022-07-30T01:06:55Z","maverick-js/observables","maverick-js","https://avatars.githubusercontent.com/u/108159116?v=4","A tiny (~850B minzipped) and extremely fast library for creating reactive observables via functions. ","",457,7,0,"MIT License","fast, functional, isomorphic, lightweight, observables, reactive, reactivity, tiny","2022-06-24T08:37:24Z","2022-08-31T19:50:39Z","2022-08-30T04:15:27Z",false
"caldaria","2022-07-30T01:06:52Z","lxsmnsyc/caldaria","lxsmnsyc","https://avatars.githubusercontent.com/u/4783372?v=4","An SSR framework for SolidJS","rigidity.vercel.app",131,1,0,"MIT License","server-side-rendering, solid-js, ssr","2021-07-22T06:44:35Z","2022-08-31T03:19:22Z","2022-08-28T13:03:29Z",false
"notesnook","2022-07-30T01:06:05Z","streetwriters/notesnook","streetwriters","https://avatars.githubusercontent.com/u/63662537?v=4","A fully open source & end-to-end encrypted note taking alternative to Evernote.","https://notesnook.com/",743,46,191,"GNU General Public License v3.0","asp-net-core, dotnet-core, electron, foss, note-managment, note-taking, note-taking-app, notebook, notes, notes-app, open-source, opensource, privacy, productivity, react, react-native, reactjs, self-hosted","2021-04-01T17:25:54Z","2022-09-03T15:40:08Z","2022-09-03T10:03:41Z",false
"volta","2022-07-30T01:04:25Z","volta-cli/volta","volta-cli","https://avatars.githubusercontent.com/u/49410418?v=4","Volta: JS Toolchains as Code. ‚ö°","https://volta.sh",6557,154,185,"Other","hacktoberfest, node, nodejs, package-manager","2017-09-25T20:06:43Z","2022-09-03T13:07:55Z","2022-09-02T14:34:34Z",false
"lyra","2022-07-30T00:59:45Z","LyraSearch/lyra","LyraSearch","https://avatars.githubusercontent.com/u/110336029?v=4","üåå  Fast, in-memory, typo-tolerant, full-text search engine written in TypeScript.","https://lyrajs.io",3252,58,15,"Other","algiorithm, data-structures, full-text, search, typo-tolerance","2022-05-10T12:01:50Z","2022-09-03T03:27:21Z","2022-09-02T15:34:59Z",false
"ultimatevocalremovergui","2022-07-30T00:58:10Z","Anjok07/ultimatevocalremovergui","Anjok07","https://avatars.githubusercontent.com/u/68268275?v=4"," GUI for a Vocal Remover that uses Deep Neural Networks.","",3330,245,68,"MIT License","audio, instrumental, karaoke, kareokee, music, pytorch, separation, source, spectrogram, vocal, vocal-remover, vocals","2020-07-20T21:29:01Z","2022-09-03T15:33:45Z","2022-08-24T03:53:01Z",false
"DarkRift","2022-07-29T23:36:21Z","DarkRiftNetworking/DarkRift","DarkRiftNetworking","https://avatars.githubusercontent.com/u/18074386?v=4","DarkRift Networking by Unordinal","http://darkriftnetworking.com",93,26,53,"Other","darkrift, multiplayer, networking, server, unordinal","2018-02-07T12:14:49Z","2022-09-02T16:57:53Z","2022-09-01T05:54:38Z",false
"GameNetworkingResources","2022-07-29T23:21:31Z","ThusSpokeNomad/GameNetworkingResources","ThusSpokeNomad","https://avatars.githubusercontent.com/u/12574651?v=4","A Curated List of Game Network Programming Resources","https://gamenetcode.com",4967,370,1,,"awesome, awesome-list, cpp, csharp, game-development, game-networking, game-programming, gamedev, gameplay-networking, javascript, multiplayer, netcode, network, network-programming, networking, replication, unity, unity3d, unreal-engine, unreal-engine-4","2018-01-24T09:05:00Z","2022-09-03T08:54:46Z","2022-04-29T02:24:01Z",false
"yojimbo","2022-07-29T20:47:35Z","networkprotocol/yojimbo","networkprotocol","https://avatars.githubusercontent.com/u/19999203?v=4","A network library for client/server games written in C++","",2170,216,15,"BSD 3-Clause ""New"" or ""Revised"" License","client-server, game, multiplayer-game-server, protocol, udp","2016-05-29T04:10:16Z","2022-08-31T06:14:54Z","2022-08-21T22:27:43Z",false
"bun","2022-07-10T12:01:14Z","oven-sh/bun","oven-sh","https://avatars.githubusercontent.com/u/108928776?v=4","Incredibly fast JavaScript runtime, bundler, transpiler and package manager ‚Äì all in one.","https://bun.sh",33393,770,381,,"bun, bundler, javascript, javascriptcore, jsx, nodejs, npm, react, transpiler, typescript, zig, ziglang","2021-04-14T00:48:17Z","2022-09-03T15:42:53Z","2022-09-03T12:01:26Z",false
"cosmos","2022-07-05T05:30:18Z","cosmograph-org/cosmos","cosmograph-org","https://avatars.githubusercontent.com/u/82689404?v=4","GPU-accelerated force graph layout and rendering","",116,5,1,"Other","force, graph, network, simulation, visualization, webgl","2022-04-14T01:30:14Z","2022-09-02T12:55:02Z","2022-08-29T13:13:41Z",false
"nostr","2022-07-05T05:28:24Z","nostr-protocol/nostr","nostr-protocol","https://avatars.githubusercontent.com/u/103332273?v=4","a truly censorship-resistant alternative to Twitter that has a chance of working","",885,44,22,,"","2020-11-09T03:17:41Z","2022-09-03T12:30:56Z","2022-05-01T11:00:42Z",false
"preact-habitat","2022-06-28T13:56:43Z","zouhir/preact-habitat","zouhir","https://avatars.githubusercontent.com/u/5052316?v=4","Zero configuration Preact widgets renderer in any host DOM","",495,43,13,"MIT License","embed, iframe, portable, preact, vdom","2017-01-17T12:08:35Z","2022-08-30T21:35:27Z","2022-03-10T16:21:04Z",false
"json-instances","2022-06-20T16:47:10Z","WebReflection/json-instances","WebReflection","https://avatars.githubusercontent.com/u/85749?v=4","A minimalistic yet efficient way to stringify and revive instances via JSON.",,11,0,1,"ISC License","","2022-06-17T20:30:11Z","2022-06-23T03:13:20Z","2022-06-21T13:12:29Z",false
"protobuf-ts","2022-06-20T16:44:04Z","timostamm/protobuf-ts","timostamm","https://avatars.githubusercontent.com/u/4289451?v=4","Protobuf and RPC for TypeScript","",462,77,31,"Apache License 2.0","angular, bigint, code-size, custom-options, grpc-client, grpc-server, grpc-web, protobuf, protocol-buffers, reflection, strict-conformance, twirp, typescript, well-known-types","2020-09-04T13:21:36Z","2022-09-01T02:34:43Z","2022-08-29T18:51:55Z",false
"sectorlisp","2022-06-20T12:26:28Z","jart/sectorlisp","jart","https://avatars.githubusercontent.com/u/49262?v=4","Bootstrapping LISP in a Boot Sector",,778,40,1,"ISC License","","2020-10-26T18:26:05Z","2022-09-03T14:13:41Z","2022-05-10T23:55:34Z",false
"material-design-icons","2022-06-19T14:16:24Z","marella/material-design-icons","marella","https://avatars.githubusercontent.com/u/1623046?v=4","Latest icon fonts and optimized SVGs for material design icons.","https://marella.github.io/material-design-icons/demo/font/",44,16,1,"Apache License 2.0","font, icons, material, material-design, material-design-icons, material-icons, svg","2021-06-13T15:45:49Z","2022-09-01T14:03:32Z","2022-08-30T04:03:31Z",false
"material-design-icons-iconfont","2022-06-19T14:06:45Z","jossef/material-design-icons-iconfont","jossef","https://avatars.githubusercontent.com/u/1287098?v=4","Material Design icons + Development Experience","https://jossef.github.io/material-design-icons-iconfont",428,52,11,"Apache License 2.0","","2015-07-13T12:31:08Z","2022-08-10T11:56:06Z","2022-04-23T16:01:41Z",false
"fresh","2022-06-13T13:45:40Z","denoland/fresh","denoland","https://avatars.githubusercontent.com/u/42048915?v=4","The next-gen web framework.","https://fresh.deno.dev",8691,316,111,"MIT License","","2021-05-07T14:42:26Z","2022-09-03T14:10:57Z","2022-09-03T12:02:04Z",false
"contextualise","2022-06-12T13:02:49Z","brettkromkamp/contextualise","brettkromkamp","https://avatars.githubusercontent.com/u/160078?v=4","Contextualise is an effective tool particularly suited for organising information-heavy projects and activities consisting of unstructured and widely diverse data and information resources","https://contextualise.dev/",958,43,57,"MIT License","cms-backend, content-management-system, flask-application, knowledge-graph, knowledge-management-graph, metamodel, python, python3, research-tool, semantic-web, sqlite-database, vuejs","2019-04-22T09:12:27Z","2022-08-28T14:38:54Z","2022-08-29T17:50:29Z",false
"deepkit-framework","2022-06-11T15:00:01Z","deepkit/deepkit-framework","deepkit","https://avatars.githubusercontent.com/u/37452283?v=4","A new full-featured and high-performance TypeScript framework for enterprise applications.","https://deepkit.io/",2161,82,80,"MIT License","deepkit, dependency-injection, framework, framework-javascript, mongodb, nodejs, orm, serializer, typescript, validator","2018-10-13T17:47:56Z","2022-09-03T12:52:33Z","2022-08-24T13:38:29Z",false
"wcc","2022-06-11T14:57:37Z","ProjectEvergreen/wcc","ProjectEvergreen","https://avatars.githubusercontent.com/u/39494909?v=4","Experimental native Web Components compiler.","https://merry-caramel-524e61.netlify.app",21,3,23,,"greenwood, ssr, webcomponents","2022-04-03T23:00:27Z","2022-08-29T15:39:55Z","2022-09-02T22:00:47Z",false
"timsy","2022-06-11T14:14:37Z","christianalfoni/timsy","christianalfoni","https://avatars.githubusercontent.com/u/3956929?v=4","Agnostic functional state machine with epic type support",,53,3,1,"MIT License","","2022-05-07T16:59:27Z","2022-09-03T10:38:36Z","2022-07-18T10:22:02Z",false
"schema-visualizer","2022-06-11T13:36:06Z","Orbifold/schema-visualizer","Orbifold","https://avatars.githubusercontent.com/u/2377906?v=4","Allows to visualize GraphML created by yEd.",,1,0,0,"MIT License","","2022-06-09T06:45:46Z","2022-06-11T13:36:06Z","2022-06-09T13:25:04Z",false
"basic-pitch","2022-06-04T12:10:20Z","spotify/basic-pitch","spotify","https://avatars.githubusercontent.com/u/251374?v=4","A lightweight yet powerful audio-to-MIDI converter with pitch bend detection","https://basicpitch.io",1012,35,8,"Apache License 2.0","audio, lightweight, machine-learning, midi, music, pitch-detection, polyphonic, python, transcription, typescript","2022-05-03T09:10:03Z","2022-09-03T09:34:05Z","2022-08-30T16:06:16Z",false
"remix-todomvc","2022-06-04T12:08:37Z","kentcdodds/remix-todomvc","kentcdodds","https://avatars.githubusercontent.com/u/1500684?v=4",,"",154,11,1,"Other","","2022-04-19T02:48:51Z","2022-09-02T07:43:37Z","2022-08-17T15:20:57Z",false
"sqitch","2022-06-03T10:39:34Z","sqitchers/sqitch","sqitchers","https://avatars.githubusercontent.com/u/39769179?v=4","Sensible database change management","https://sqitch.org/",2446,203,71,"MIT License","exasol, firebird, mysql, oracle, postgresql, snowflake, sqitch, sqlite, vertica","2012-01-27T07:47:06Z","2022-08-30T11:49:50Z","2022-08-30T02:22:12Z",false
"batnoter","2022-06-02T12:12:34Z","batnoter/batnoter","batnoter","https://avatars.githubusercontent.com/u/106804252?v=4","An open source, markdown-based, self-hosted note taking webapp.","https://batnoter.com",1729,81,20,"MIT License","container-ready, contributions-welcome, git, github, markdown, mui, note, note-app, note-taking, notes, productivity, react, reactjs, typescript, webapp","2022-03-11T06:59:14Z","2022-09-03T10:23:19Z","2022-06-26T15:06:34Z",false
"datastation","2022-06-01T12:59:23Z","multiprocessio/datastation","multiprocessio","https://avatars.githubusercontent.com/u/85761715?v=4","App to easily query, script, and visualize data from every database, file, and API.","https://datastation.multiprocess.io",2471,83,31,"Other","apache2, cockroachdb, data-analysis, data-visualization, database, julia, log-analysis, mariadb, mysql, nginx, nodejs, postgresql, python, rstats, ruby, sql, sql-editor, sql-server, sqlite3, syslog","2021-06-11T19:29:06Z","2022-09-03T08:42:00Z","2022-09-01T08:52:59Z",false
"y-pojo","2022-05-31T21:36:56Z","boourns/y-pojo","boourns","https://avatars.githubusercontent.com/u/699550?v=4","Syncronize a YJS document to/from a plain old javascript object",,14,0,0,"MIT License","","2022-05-26T14:01:54Z","2022-09-02T16:07:20Z","2022-06-24T14:29:16Z",false
"froebel","2022-05-31T21:36:12Z","MathisBullinger/froebel","MathisBullinger","https://avatars.githubusercontent.com/u/26855066?v=4","A strictly typed utility library.","https://www.npmjs.com/package/froebel",868,15,1,"ISC License","deno, functional-programming, javascript, typescript, utility-library","2021-08-06T01:10:50Z","2022-08-28T21:42:07Z","2022-08-14T11:24:58Z",false
"awesome-db-tools","2022-05-30T21:53:14Z","mgramin/awesome-db-tools","mgramin","https://avatars.githubusercontent.com/u/487470?v=4","Everything that makes working with databases easier","",2286,185,85,"Creative Commons Zero v1.0 Universal","awesome, awesome-list, cross-database, database, database-management, ide, monitoring, sql-client, visualization","2018-05-18T16:01:34Z","2022-09-03T09:32:15Z","2022-08-23T10:37:57Z",false
"dragonfly","2022-05-30T21:52:53Z","dragonflydb/dragonfly","dragonflydb","https://avatars.githubusercontent.com/u/104819355?v=4","A modern replacement for Redis and Memcached","https://dragonflydb.io/",11531,266,36,"Other","cpp, fibers, memcached, multi-threading, redis","2021-12-11T10:00:42Z","2022-09-03T15:39:36Z","2022-09-03T06:42:32Z",false
"dioxus","2022-05-30T00:39:38Z","DioxusLabs/dioxus","DioxusLabs","https://avatars.githubusercontent.com/u/79236386?v=4","Friendly React-like GUI library for desktop, web, mobile, and more.","https://dioxuslabs.com",4665,139,74,"Apache License 2.0","android, css, desktop, html, ios, native, react, rust, ssr, ui, virtualdom, wasm, web","2021-01-15T01:57:26Z","2022-09-03T08:03:02Z","2022-09-03T04:06:10Z",false
"rustdesk","2022-05-30T00:27:36Z","rustdesk/rustdesk","rustdesk","https://avatars.githubusercontent.com/u/71636191?v=4","Open source virtual / remote desktop infrastructure for everyone! The open source TeamViewer alternative. Display and control your PC and Android devices from anywhere at anytime.","https://rustdesk.com",28581,2517,306,"GNU Affero General Public License v3.0","anydesk, flutter, flutter-apps, flutter-desktop, flutter-examples, flutter-mobile, flutter-ui, flutter-web, frp, p2p, parsec, rdp, remote, remote-access, remote-control, remote-desktop, rust, scrcpy, teamviewer, vnc","2020-09-28T15:36:08Z","2022-09-03T15:26:09Z","2022-09-03T10:16:58Z",false
"egress","2022-05-29T19:11:13Z","livekit/egress","livekit","https://avatars.githubusercontent.com/u/69438833?v=4","Export and record WebRTC sessions and tracks","https://blog.livekit.io/livekit-universal-egress-launch/",57,12,7,"Apache License 2.0","","2022-02-11T04:32:38Z","2022-08-28T01:01:51Z","2022-09-02T18:53:08Z",false
"payload","2022-05-29T18:35:55Z","payloadcms/payload","payloadcms","https://avatars.githubusercontent.com/u/62968818?v=4","Free and Open-source Headless CMS and Application Framework built with TypeScript, Node.js, React and MongoDB","https://payloadcms.com",7130,282,15,"MIT License","api, cms, content-management, content-management-system, dashboard, express, graphql, headless, headless-cms, javascript, mit-license, mongodb, nodejs, open-source, payload, payloadcms, react, typescript","2021-01-05T18:49:45Z","2022-09-03T15:44:34Z","2022-09-02T21:56:30Z",false
"neon","2022-05-29T12:33:47Z","neondatabase/neon","neondatabase","https://avatars.githubusercontent.com/u/77690634?v=4","Neon: Serverless Postgres. We separated storage and compute to offer autoscaling, branching, and bottomless storage.","https://neon.tech",4286,97,322,"Apache License 2.0","database, postgres, postgresql, rust, serverless","2021-03-26T14:20:47Z","2022-09-03T11:50:23Z","2022-09-03T15:45:55Z",false
"chakra-ui-vue","2022-05-28T16:19:15Z","chakra-ui/chakra-ui-vue","chakra-ui","https://avatars.githubusercontent.com/u/54212428?v=4","‚ö°Ô∏è Build scalable and accessible Vue.js applications with ease.","https://vue.chakra-ui.com",1606,129,53,"MIT License","a11y, accessibility, chakra-ui, composition, design-system, library, ui, vue, vuejs, vuejs-components, wai-aria","2019-08-11T17:53:59Z","2022-09-01T18:41:29Z","2022-07-20T16:43:41Z",false
"zag","2022-05-28T11:55:51Z","chakra-ui/zag","chakra-ui","https://avatars.githubusercontent.com/u/54212428?v=4","Finite state machines for building accessible design systems and UI components.","http://zagjs.com",1416,38,3,"MIT License","a11y, accessibility, fsm, headless, react, solid, state-machines, ui, ui-components, ui-kit, vue, xstate","2021-07-07T11:38:07Z","2022-09-03T13:10:51Z","2022-09-03T11:45:16Z",false
"fiddle","2022-05-28T11:28:55Z","electron/fiddle","electron","https://avatars.githubusercontent.com/u/13409222?v=4",":electron: üöÄ The easiest way to get started with Electron","https://electronjs.org/fiddle",6718,652,76,"MIT License","desktop, electron, hacktoberfest, javascript","2018-06-07T10:52:57Z","2022-09-02T11:09:36Z","2022-09-01T01:39:03Z",false
"wundergraph","2022-05-26T23:12:44Z","wundergraph/wundergraph","wundergraph","https://avatars.githubusercontent.com/u/64281914?v=4","Serverless API Gateway for GraphQL, REST, gRPC, Kafka and more with a focus on API Composition & Integration.","https://wundergraph.com",540,25,25,"Apache License 2.0","api, api-gateway, api-infrastructure, api-integration, api-management, go, golang, graphql, graphql-api, grpc, microservices, microservices-architecture, nextjs, postgresql, rest, rest-api, restful-api, typescript, wundergraph","2022-05-24T14:45:44Z","2022-09-03T14:29:44Z","2022-09-02T20:54:06Z",false
"obliterator","2022-05-25T21:04:55Z","Yomguithereal/obliterator","Yomguithereal","https://avatars.githubusercontent.com/u/2571951?v=4","Higher order iterator library for JavaScript and TypeScript.","",40,2,4,"MIT License","iterator","2017-04-28T13:39:32Z","2022-08-17T08:01:24Z","2022-05-03T17:04:40Z",false
"mnemonist","2022-05-25T12:27:47Z","Yomguithereal/mnemonist","Yomguithereal","https://avatars.githubusercontent.com/u/2571951?v=4","Curated collection of data structures for the JavaScript/TypeScript language.","https://yomguithereal.github.io/mnemonist",1950,97,57,"MIT License","data-structure","2016-10-22T15:53:07Z","2022-09-01T21:59:25Z","2022-08-30T19:52:06Z",false
"flux-machine","2022-05-25T12:26:26Z","gkiely/flux-machine","gkiely","https://avatars.githubusercontent.com/u/1948935?v=4","Spec compliant finite state machines using JSX and chainable methods","",24,1,0,"MIT License","","2022-05-22T02:41:11Z","2022-06-10T20:08:20Z","2022-06-03T23:31:44Z",false
"videogrep","2022-05-24T05:29:34Z","antiboredom/videogrep","antiboredom","https://avatars.githubusercontent.com/u/344861?v=4","automatic video supercuts with python","https://antiboredom.github.io/videogrep",2934,223,7,"Other","","2014-05-27T04:11:50Z","2022-08-31T23:51:03Z","2022-07-12T14:36:58Z",false
"awesome-milkdown","2022-05-22T16:22:09Z","Saul-Mirone/awesome-milkdown","Saul-Mirone","https://avatars.githubusercontent.com/u/10047788?v=4","üçº A curated list of awesome things related to Milkdown",,42,5,0,"MIT License","","2021-06-27T04:08:51Z","2022-08-31T04:09:34Z","2022-08-18T16:21:41Z",false
"vue-command","2022-05-22T14:51:05Z","ndabAP/vue-command","ndabAP","https://avatars.githubusercontent.com/u/8510570?v=4","A fully working, most feature-rich Vue.js terminal emulator","https://ndabap.github.io/vue-command",190,42,45,"MIT License","bash, cmd, javascript, shell, terminal, vue, vuejs","2019-01-26T11:40:20Z","2022-08-16T16:02:28Z","2022-09-01T04:19:29Z",false
"client-zip","2022-05-22T14:01:31Z","Touffy/client-zip","Touffy","https://avatars.githubusercontent.com/u/665732?v=4","A client-side streaming ZIP generator",,149,12,8,"MIT License","client-side, streams, zip","2020-02-16T18:48:18Z","2022-09-03T06:43:25Z","2022-08-29T16:18:09Z",false
"awesome-adaptive-cards","2022-05-22T13:47:23Z","miguelrochefort/awesome-adaptive-cards","miguelrochefort","https://avatars.githubusercontent.com/u/1556332?v=4","A curated list of awesome Adaptive Cards projects.","",29,0,0,"Creative Commons Zero v1.0 Universal","adaptive-cards, adaptivecards, awesome, awesome-list","2022-04-12T08:33:17Z","2022-06-02T22:57:59Z","2022-04-20T12:52:20Z",false
"formkit","2022-05-22T12:01:09Z","formkit/formkit","formkit","https://avatars.githubusercontent.com/u/76744415?v=4","Vue Forms ‚ö°Ô∏è Supercharged","https://formkit.com",1821,54,42,"MIT License","form-generation, forms, validation, vue","2021-06-02T21:35:19Z","2022-09-03T08:09:38Z","2022-09-01T14:35:52Z",false
"auto-animate","2022-05-22T02:52:19Z","formkit/auto-animate","formkit","https://avatars.githubusercontent.com/u/76744415?v=4","A zero-config, drop-in animation utility that adds smooth transitions to your web app. You can use it with React, Vue, or any other JavaScript application.","https://auto-animate.formkit.com",5134,79,31,"MIT License","animation, javascript, react, ui, vue","2022-05-11T18:50:01Z","2022-09-03T15:39:58Z","2022-09-03T09:35:27Z",false
"vuejs-debug-traverse-210506-pmb-js","2022-05-21T14:20:37Z","mk-pmb/vuejs-debug-traverse-210506-pmb-js","mk-pmb","https://avatars.githubusercontent.com/u/3442602?v=4","Temporary debug copy of vue.js",,1,0,0,"MIT License","","2021-05-06T00:36:32Z","2022-05-21T14:20:37Z","2022-05-07T17:02:19Z",false
"web-to-desktop-framework-comparison","2022-05-21T12:36:38Z","Elanis/web-to-desktop-framework-comparison","Elanis","https://avatars.githubusercontent.com/u/7013446?v=4","This repository was made to create an objective comparison of multiple framework that grant us to ""transform"" our web app to desktop application formats.","",489,16,10,"MIT License","benchmark, characteristics, desktop-framework-comparison, electron, electron-app, electronjs, flutter, neutralinojs, nodegui, nwjs, nwjs-application, tauri, tauri-app","2021-03-09T20:18:21Z","2022-09-02T10:55:09Z","2022-08-21T12:14:12Z",false
"vuetify-jsonschema-form","2022-05-21T12:21:43Z","koumoul-dev/vuetify-jsonschema-form","koumoul-dev","https://avatars.githubusercontent.com/u/16051219?v=4","Create beautiful and low-effort forms that output valid data. Published on npm as @koumoul/vjsf.","https://koumoul-dev.github.io/vuetify-jsonschema-form/latest/",470,138,128,"MIT License","json-schema, vjsf, vue, vuetify","2018-09-03T18:53:24Z","2022-09-03T08:38:56Z","2022-08-19T08:43:23Z",false
"comby","2022-05-20T05:00:58Z","comby-tools/comby","comby-tools","https://avatars.githubusercontent.com/u/49417094?v=4","A code rewrite tool for structural search and replace that supports ~every language.","https://comby.dev",1829,49,55,"Apache License 2.0","c, go, java, javascript, linting, parser-combinators, parsing, php, program-transformation, python, reason, refactoring, regex, rewriting, rust, search-and-replace, swift, syntax, syntax-transformation, typescript","2019-04-08T21:35:40Z","2022-09-02T04:47:45Z","2022-08-31T21:37:53Z",false
"tiny-sqlite3","2022-05-20T05:00:21Z","fabiospampinato/tiny-sqlite3","fabiospampinato","https://avatars.githubusercontent.com/u/1812093?v=4","A tiny cross-platform client for SQLite3, with precompiled binaries as the only third-party dependencies.","",18,0,1,"Other","cross-platform, native, sqlite3, tiny","2022-05-17T23:36:41Z","2022-07-27T02:24:27Z","2022-05-22T17:47:53Z",false
"hono","2022-05-20T04:14:45Z","honojs/hono","honojs","https://avatars.githubusercontent.com/u/98495527?v=4","Ultrafast web framework for Cloudflare Workers, Deno, and Bun. Fast, but not only fast.","https://honojs.dev",2120,62,21,"MIT License","bun, cloudflare, cloudflare-workers, deno, npm, router, typescript, web-framework","2021-12-14T20:05:30Z","2022-09-03T09:23:28Z","2022-09-03T09:45:41Z",false
"bpp","2022-05-20T04:14:16Z","PlasmoHQ/bpp","PlasmoHQ","https://avatars.githubusercontent.com/u/96090470?v=4","Browser Platform Publisher","",64,3,7,"MIT License","actions, browser-extension, browser-extensions, chrome-extension, chrome-extensions, continuous-deployment, continuous-integration, edge-addon, firefox-addon, json-schema, opera-addon, web-extensions","2022-02-08T03:20:43Z","2022-09-01T18:07:44Z","2022-06-16T22:13:41Z",false
"yalc","2022-05-20T02:39:41Z","wclr/yalc","wclr","https://avatars.githubusercontent.com/u/736697?v=4","Work with yarn/npm packages locally like a boss.","",3990,104,73,"MIT License","dependencies, developer-tools, npm, npm-link, yarn, yarn-link","2017-04-17T00:08:27Z","2022-09-03T13:56:36Z","2022-07-24T10:38:37Z",false
"forgit","2022-05-18T04:11:57Z","wfxr/forgit","wfxr","https://avatars.githubusercontent.com/u/6105425?v=4",":zzz: A utility tool powered by fzf for using git interactively.","",3465,113,11,"MIT License","bash, cli, fish, fzf, git, zsh, zsh-plugin","2017-11-15T15:27:38Z","2022-09-03T15:33:18Z","2022-08-16T16:56:33Z",false
"fast-formula-parser","2022-05-16T04:22:41Z","LesterLyu/fast-formula-parser","LesterLyu","https://avatars.githubusercontent.com/u/7830679?v=4","Parse and evaluate MS Excel formula in javascript.","https://www.npmjs.com/package/fast-formula-parser",363,50,8,"MIT License","evaluator, excel, excel-formula, excel-formulas, formula, formula-parser, interpreter, javascript, js, parser, spreadsheet","2019-03-22T13:24:34Z","2022-08-31T06:37:05Z","2022-08-03T14:04:38Z",false
"pinia","2022-05-14T23:08:56Z","vuejs/pinia","vuejs","https://avatars.githubusercontent.com/u/6128107?v=4","üçç Intuitive, type safe, light and flexible Store for Vue using the composition api with DevTools support","https://pinia.vuejs.org",8576,534,31,"MIT License","composition-api, ssr, store, vue, vuex","2019-11-18T21:05:01Z","2022-09-03T07:50:53Z","2022-09-02T12:40:32Z",false
"NoteHub","2022-05-14T20:19:45Z","NoteHub-official/NoteHub","NoteHub-official","https://avatars.githubusercontent.com/u/93505422?v=4","NoteHub is an online note sharing platform where users can edit notes with a versatile rich-text editor in a real-time collaborative environment. NoteHub also provides notes sharing features between individuals or communities, and even more advanced features such as AI assistance, including content summarization, Q&A, voice to text transcription, and handwritten text recognition.","",15,4,0,"MIT License","collaboration, education, markdown, notebook, sharing-platform, social-network, tiptap, yjs","2021-09-13T02:30:38Z","2022-08-16T08:59:45Z","2021-12-28T08:03:52Z",false
"y-presence","2022-05-14T20:08:45Z","nimeshnayaju/y-presence","nimeshnayaju","https://avatars.githubusercontent.com/u/35807215?v=4","Add multiplayer presence (live cursors/avatars) to any web application using yjs","",120,3,0,"MIT License","avatars, cursors, multiplayer, presence, yjs","2022-01-12T03:49:01Z","2022-09-03T08:21:50Z","2022-07-27T00:57:11Z",false
"yfs","2022-05-14T20:04:58Z","motifland/yfs","motifland","https://avatars.githubusercontent.com/u/74457950?v=4","Synchronize text files between browser and disk using Yjs and the File System Access API","https://yfs.vercel.app",80,1,0,"MIT License","","2022-05-01T16:31:31Z","2022-09-02T09:08:34Z","2022-05-04T08:08:36Z",false
"mediasoup","2022-05-14T16:34:54Z","versatica/mediasoup","versatica","https://avatars.githubusercontent.com/u/1941045?v=4","Cutting Edge WebRTC Video Conferencing","https://mediasoup.org",4688,908,27,"ISC License","c-plus-plus, nodejs, server-side, sfu, shell, webrtc","2014-12-12T12:00:36Z","2022-09-03T15:38:31Z","2022-08-30T17:19:53Z",false
"fully-featured-scalable-chat-app","2022-05-14T15:15:56Z","ably-labs/fully-featured-scalable-chat-app","ably-labs","https://avatars.githubusercontent.com/u/73881329?v=4","An example of how to architect a fully featured, scalable chat app. With user and channel management and message history.","https://ffs-chat.ably.dev/",36,4,11,"Apache License 2.0","chat, reactjs, serverless, typescript","2021-09-23T13:21:13Z","2022-08-23T17:25:12Z","2022-08-30T20:49:52Z",false
"Virtual-Cinema-Application","2022-05-14T15:12:47Z","yukti99/Virtual-Cinema-Application","yukti99","https://avatars.githubusercontent.com/u/54205526?v=4","A scalable web application to chat, talk & watch movies/videos together in real-time using AWS cloud services & socket programming which provide for an interactive video watching experience","",2,0,0,,"","2022-01-27T23:31:16Z","2022-07-16T21:34:48Z","2022-01-28T01:42:41Z",false
"tunnelto","2022-05-14T14:46:22Z","agrinman/tunnelto","agrinman","https://avatars.githubusercontent.com/u/356333?v=4","Expose your local web server to the internet with a public URL.","https://tunnelto.dev",1589,80,31,"MIT License","async-io, expose, localhost, rust, tunnel","2020-03-22T05:39:49Z","2022-09-03T09:12:26Z","2021-07-25T13:08:29Z",false
"wstunnel","2022-05-14T12:29:19Z","erebe/wstunnel","erebe","https://avatars.githubusercontent.com/u/854278?v=4","Tunneling over websocket protocol - Static binary available ","",1220,138,11,"BSD 3-Clause ""New"" or ""Revised"" License","","2016-05-14T23:58:43Z","2022-09-02T23:05:26Z","2022-04-16T09:23:52Z",false
"websocketd","2022-05-14T12:28:23Z","joewalnes/websocketd","joewalnes","https://avatars.githubusercontent.com/u/48950?v=4","Turn any program that uses STDIN/STDOUT into a WebSocket server. Like inetd, but for WebSockets. ","http://websocketd.com/",16344,978,37,"BSD 2-Clause ""Simplified"" License","proxy, websocket-server, websockets","2013-02-14T14:52:55Z","2022-09-03T09:10:34Z","2022-02-16T15:00:22Z",false
"cf-socket-server","2022-05-14T12:12:15Z","workwithpact/cf-socket-server","workwithpact","https://avatars.githubusercontent.com/u/47534576?v=4","This nifty little project is a swiss army knife for realtime backend projects. It is scoped to rooms, and encompasses multiple useful features.","",6,1,0,"Apache License 2.0","cloudflare-worker, cloudflare-workers, websocket-server, websockets","2021-09-14T22:51:11Z","2022-05-14T12:12:15Z","2022-03-18T00:47:53Z",false
"XREngine","2022-05-14T00:31:50Z","XRFoundation/XREngine","XRFoundation","https://avatars.githubusercontent.com/u/61642798?v=4","Ethereal Engine - Bringing us together on the open social spatial web. ü§ñ üöÄ üëì üïπÔ∏è üßëüèø‚ÄçüöÄ","https://etherealengine.org",481,177,186,"Other","agones, avatars, capacitor, capacitor-plugin, chat, metaverse, metaverse-cloud, mmo, multiplayer, nodejs, threejs, virtual-reality, volumetric-video, webrtc, webxr","2020-04-02T11:04:47Z","2022-09-02T08:49:17Z","2022-09-03T02:14:19Z",false
"one-version","2022-05-12T11:28:22Z","wayfair/one-version","wayfair","https://avatars.githubusercontent.com/u/1065892?v=4","Implementation of Google‚Äôs One Version Rule for JS monorepos","",14,1,1,"MIT License","dependencies, javascript, js, monorepo, node, pnpm, pnpm-workspaces, yarn, yarn-workspaces","2022-04-29T13:46:41Z","2022-07-19T15:40:16Z","2022-08-23T23:05:56Z",false
"yrb","2022-05-12T11:23:56Z","y-crdt/yrb","y-crdt","https://avatars.githubusercontent.com/u/74606771?v=4","Ruby bindings for yrs.","https://y-crdt.github.io/yrb",21,0,1,"MIT License","collaborative-editing, crdt, real-time, ruby","2022-05-06T15:56:36Z","2022-07-26T13:38:20Z","2022-09-02T14:26:13Z",false
"markdoc","2022-05-12T00:38:36Z","markdoc/markdoc","markdoc","https://avatars.githubusercontent.com/u/8340088?v=4","A powerful, flexible, Markdown-based authoring framework.","https://markdoc.dev",5005,77,8,"MIT License","authoring, documentation, markdoc, markdown, react, toolchain","2022-05-09T17:50:46Z","2022-09-03T08:02:03Z","2022-09-01T19:27:10Z",false
"platforms","2022-05-12T00:38:01Z","vercel/platforms","vercel","https://avatars.githubusercontent.com/u/14985020?v=4","A template for site builders and low-code tools.","https://demo.vercel.pub",1927,163,3,,"cloudinary, nextjs, planetscale, prisma, tailwindcss, vercel","2022-01-20T03:35:39Z","2022-09-02T12:18:04Z","2022-08-22T19:09:58Z",false
"cloudflare-worker-graphql-ws-template","2022-05-08T11:33:14Z","enisdenjo/cloudflare-worker-graphql-ws-template","enisdenjo","https://avatars.githubusercontent.com/u/11807600?v=4","A template for WebSockets powered Cloudflare Worker project using graphql-ws","https://graphql-ws.enisdenjo.workers.dev",25,2,0,"MIT License","cloudflare, cloudflare-workers, graphql, graphql-ws, websockets, workers","2021-06-21T11:07:59Z","2022-05-26T14:31:03Z","2022-02-21T22:26:08Z",false
"workers-typescript-do","2022-05-04T23:10:44Z","evanderkoogh/workers-typescript-do","evanderkoogh","https://avatars.githubusercontent.com/u/890386?v=4","Starter template for Cloudflare Workers, Durable Objects, Rollup, ESBuild & Miniflare",,9,2,1,"BSD 3-Clause ""New"" or ""Revised"" License","","2021-08-13T04:29:07Z","2022-05-04T23:10:44Z","2021-12-12T05:03:31Z",false
"apiker","2022-05-04T23:09:00Z","hodgef/apiker","hodgef","https://avatars.githubusercontent.com/u/25509135?v=4","üîº Create Serverless APIs with Cloudflare Workers, Durable Objects & Wrangler","",66,4,1,"MIT License","api, cloudflare-workers, durable-objects, jwt, wrangler","2021-11-04T02:40:33Z","2022-09-01T16:15:18Z","2022-07-25T00:29:55Z",false
"dog","2022-05-04T10:46:26Z","cloudflare/dog","cloudflare","https://avatars.githubusercontent.com/u/314135?v=4","Durable Object Groups","",197,8,6,"MIT License","","2021-08-24T06:57:33Z","2022-08-30T07:10:25Z","2022-03-30T20:42:12Z",false
"esm.sh","2022-05-02T23:40:33Z","ije/esm.sh","ije","https://avatars.githubusercontent.com/u/2883484?v=4","A fast, global content delivery network for ES Modules.","https://esm.sh",1432,61,116,"MIT License","cdn, deno, esbuild, esm, global, js, npm","2020-09-06T11:00:24Z","2022-09-02T02:15:43Z","2022-08-29T07:06:43Z",false
"actual","2022-05-02T23:40:19Z","actualbudget/actual","actualbudget","https://avatars.githubusercontent.com/u/37879538?v=4","A local-first personal finance system",,5194,411,44,"MIT License","","2022-04-29T02:41:34Z","2022-09-03T15:40:47Z","2022-09-02T21:51:20Z",false
"awesome-sqlite","2022-05-02T23:40:15Z","sqlsite/awesome-sqlite","sqlsite","https://avatars.githubusercontent.com/u/104411215?v=4","A curated list of awesome things related to SQLite","https://twitter.com/SQLsite",457,15,0,,"awesome, awesome-list, cli, data, database, datasette, dqlite, go, gui, javascript, litestream, rqlite, sql, sqlite, sqlite-database, sqlite3","2022-04-28T18:16:31Z","2022-09-03T03:56:18Z","2022-09-02T16:53:10Z",false
"vanta","2022-05-02T23:39:03Z","tengbao/vanta","tengbao","https://avatars.githubusercontent.com/u/306044?v=4","Animated 3D backgrounds for your website","http://vantajs.com/",3971,973,48,"MIT License","3d, animation, animations, background, three-js, threejs","2017-07-18T06:29:17Z","2022-09-03T04:10:28Z","2022-08-25T05:35:15Z",false
"jsonhero-web","2022-05-02T22:20:45Z","apihero-run/jsonhero-web","apihero-run","https://avatars.githubusercontent.com/u/95297378?v=4","JSON Hero is an open-source, beautiful JSON explorer for the web that lets you browse, search and navigate your JSON files at speed. üöÄ","https://jsonhero.io",4371,191,48,"Apache License 2.0","developer-tools, devtools, json, json-viewer, react, tools, typescript, viewer","2022-03-01T09:33:29Z","2022-09-02T11:28:54Z","2022-08-26T09:48:10Z",false
